Path,Type,Size
M:\–¿¡Œ“¿ Ã»ÿ¿\ ÛÒ Python\Projects Python\PYTHON Dive\lesson.py,File,1489
M:\–¿¡Œ“¿ Ã»ÿ¿\ ÛÒ Python\Projects Python\PYTHON Dive\.git,Directory,415996
M:\–¿¡Œ“¿ Ã»ÿ¿\ ÛÒ Python\Projects Python\PYTHON Dive\.idea,Directory,4498
M:\–¿¡Œ“¿ Ã»ÿ¿\ ÛÒ Python\Projects Python\PYTHON Dive\seminar1,Directory,2978
M:\–¿¡Œ“¿ Ã»ÿ¿\ ÛÒ Python\Projects Python\PYTHON Dive\seminar2,Directory,7899
M:\–¿¡Œ“¿ Ã»ÿ¿\ ÛÒ Python\Projects Python\PYTHON Dive\seminar3,Directory,9958
M:\–¿¡Œ“¿ Ã»ÿ¿\ ÛÒ Python\Projects Python\PYTHON Dive\seminar4,Directory,13002
M:\–¿¡Œ“¿ Ã»ÿ¿\ ÛÒ Python\Projects Python\PYTHON Dive\seminar5,Directory,6972
M:\–¿¡Œ“¿ Ã»ÿ¿\ ÛÒ Python\Projects Python\PYTHON Dive\seminar6,Directory,10921
M:\–¿¡Œ“¿ Ã»ÿ¿\ ÛÒ Python\Projects Python\PYTHON Dive\seminar7,Directory,273488
M:\–¿¡Œ“¿ Ã»ÿ¿\ ÛÒ Python\Projects Python\PYTHON Dive\seminar8,Directory,20292
M:\–¿¡Œ“¿ Ã»ÿ¿\ ÛÒ Python\Projects Python\PYTHON Dive\.git\COMMIT_EDITMSG,File,5
M:\–¿¡Œ“¿ Ã»ÿ¿\ ÛÒ Python\Projects Python\PYTHON Dive\.git\config,File,247
M:\–¿¡Œ“¿ Ã»ÿ¿\ ÛÒ Python\Projects Python\PYTHON Dive\.git\description,File,73
M:\–¿¡Œ“¿ Ã»ÿ¿\ ÛÒ Python\Projects Python\PYTHON Dive\.git\FETCH_HEAD,File,102
M:\–¿¡Œ“¿ Ã»ÿ¿\ ÛÒ Python\Projects Python\PYTHON Dive\.git\HEAD,File,41
M:\–¿¡Œ“¿ Ã»ÿ¿\ ÛÒ Python\Projects Python\PYTHON Dive\.git\index,File,8369
M:\–¿¡Œ“¿ Ã»ÿ¿\ ÛÒ Python\Projects Python\PYTHON Dive\.git\ORIG_HEAD,File,41
M:\–¿¡Œ“¿ Ã»ÿ¿\ ÛÒ Python\Projects Python\PYTHON Dive\.git\hooks,Directory,25821
M:\–¿¡Œ“¿ Ã»ÿ¿\ ÛÒ Python\Projects Python\PYTHON Dive\.git\info,Directory,240
M:\–¿¡Œ“¿ Ã»ÿ¿\ ÛÒ Python\Projects Python\PYTHON Dive\.git\logs,Directory,9774
M:\–¿¡Œ“¿ Ã»ÿ¿\ ÛÒ Python\Projects Python\PYTHON Dive\.git\objects,Directory,167478
M:\–¿¡Œ“¿ Ã»ÿ¿\ ÛÒ Python\Projects Python\PYTHON Dive\.git\refs,Directory,246
M:\–¿¡Œ“¿ Ã»ÿ¿\ ÛÒ Python\Projects Python\PYTHON Dive\.git\hooks\applypatch-msg.sample,File,478
M:\–¿¡Œ“¿ Ã»ÿ¿\ ÛÒ Python\Projects Python\PYTHON Dive\.git\hooks\commit-msg.sample,File,896
M:\–¿¡Œ“¿ Ã»ÿ¿\ ÛÒ Python\Projects Python\PYTHON Dive\.git\hooks\fsmonitor-watchman.sample,File,4726
M:\–¿¡Œ“¿ Ã»ÿ¿\ ÛÒ Python\Projects Python\PYTHON Dive\.git\hooks\post-update.sample,File,189
M:\–¿¡Œ“¿ Ã»ÿ¿\ ÛÒ Python\Projects Python\PYTHON Dive\.git\hooks\pre-applypatch.sample,File,424
M:\–¿¡Œ“¿ Ã»ÿ¿\ ÛÒ Python\Projects Python\PYTHON Dive\.git\hooks\pre-commit.sample,File,1643
M:\–¿¡Œ“¿ Ã»ÿ¿\ ÛÒ Python\Projects Python\PYTHON Dive\.git\hooks\pre-merge-commit.sample,File,416
M:\–¿¡Œ“¿ Ã»ÿ¿\ ÛÒ Python\Projects Python\PYTHON Dive\.git\hooks\pre-push.sample,File,1374
M:\–¿¡Œ“¿ Ã»ÿ¿\ ÛÒ Python\Projects Python\PYTHON Dive\.git\hooks\pre-rebase.sample,File,4898
M:\–¿¡Œ“¿ Ã»ÿ¿\ ÛÒ Python\Projects Python\PYTHON Dive\.git\hooks\pre-receive.sample,File,544
M:\–¿¡Œ“¿ Ã»ÿ¿\ ÛÒ Python\Projects Python\PYTHON Dive\.git\hooks\prepare-commit-msg.sample,File,1492
M:\–¿¡Œ“¿ Ã»ÿ¿\ ÛÒ Python\Projects Python\PYTHON Dive\.git\hooks\push-to-checkout.sample,File,2783
M:\–¿¡Œ“¿ Ã»ÿ¿\ ÛÒ Python\Projects Python\PYTHON Dive\.git\hooks\sendemail-validate.sample,File,2308
M:\–¿¡Œ“¿ Ã»ÿ¿\ ÛÒ Python\Projects Python\PYTHON Dive\.git\hooks\update.sample,File,3650
M:\–¿¡Œ“¿ Ã»ÿ¿\ ÛÒ Python\Projects Python\PYTHON Dive\.git\info\exclude,File,240
M:\–¿¡Œ“¿ Ã»ÿ¿\ ÛÒ Python\Projects Python\PYTHON Dive\.git\logs\HEAD,File,1810
M:\–¿¡Œ“¿ Ã»ÿ¿\ ÛÒ Python\Projects Python\PYTHON Dive\.git\logs\refs,Directory,3982
M:\–¿¡Œ“¿ Ã»ÿ¿\ ÛÒ Python\Projects Python\PYTHON Dive\.git\logs\refs\heads,Directory,413
M:\–¿¡Œ“¿ Ã»ÿ¿\ ÛÒ Python\Projects Python\PYTHON Dive\.git\logs\refs\remotes,Directory,1578
M:\–¿¡Œ“¿ Ã»ÿ¿\ ÛÒ Python\Projects Python\PYTHON Dive\.git\logs\refs\heads\master,File,413
M:\–¿¡Œ“¿ Ã»ÿ¿\ ÛÒ Python\Projects Python\PYTHON Dive\.git\logs\refs\remotes\origin,Directory,789
M:\–¿¡Œ“¿ Ã»ÿ¿\ ÛÒ Python\Projects Python\PYTHON Dive\.git\logs\refs\remotes\origin\main,File,789
M:\–¿¡Œ“¿ Ã»ÿ¿\ ÛÒ Python\Projects Python\PYTHON Dive\.git\objects\01,Directory,2543
M:\–¿¡Œ“¿ Ã»ÿ¿\ ÛÒ Python\Projects Python\PYTHON Dive\.git\objects\08,Directory,167
M:\–¿¡Œ“¿ Ã»ÿ¿\ ÛÒ Python\Projects Python\PYTHON Dive\.git\objects\09,Directory,79
M:\–¿¡Œ“¿ Ã»ÿ¿\ ÛÒ Python\Projects Python\PYTHON Dive\.git\objects\0c,Directory,536
M:\–¿¡Œ“¿ Ã»ÿ¿\ ÛÒ Python\Projects Python\PYTHON Dive\.git\objects\0d,Directory,668
M:\–¿¡Œ“¿ Ã»ÿ¿\ ÛÒ Python\Projects Python\PYTHON Dive\.git\objects\10,Directory,142
M:\–¿¡Œ“¿ Ã»ÿ¿\ ÛÒ Python\Projects Python\PYTHON Dive\.git\objects\11,Directory,557
M:\–¿¡Œ“¿ Ã»ÿ¿\ ÛÒ Python\Projects Python\PYTHON Dive\.git\objects\14,Directory,171
M:\–¿¡Œ“¿ Ã»ÿ¿\ ÛÒ Python\Projects Python\PYTHON Dive\.git\objects\16,Directory,291
M:\–¿¡Œ“¿ Ã»ÿ¿\ ÛÒ Python\Projects Python\PYTHON Dive\.git\objects\18,Directory,725
M:\–¿¡Œ“¿ Ã»ÿ¿\ ÛÒ Python\Projects Python\PYTHON Dive\.git\objects\1a,Directory,524
M:\–¿¡Œ“¿ Ã»ÿ¿\ ÛÒ Python\Projects Python\PYTHON Dive\.git\objects\1b,Directory,1390
M:\–¿¡Œ“¿ Ã»ÿ¿\ ÛÒ Python\Projects Python\PYTHON Dive\.git\objects\1c,Directory,477
M:\–¿¡Œ“¿ Ã»ÿ¿\ ÛÒ Python\Projects Python\PYTHON Dive\.git\objects\1d,Directory,157
M:\–¿¡Œ“¿ Ã»ÿ¿\ ÛÒ Python\Projects Python\PYTHON Dive\.git\objects\1e,Directory,48
M:\–¿¡Œ“¿ Ã»ÿ¿\ ÛÒ Python\Projects Python\PYTHON Dive\.git\objects\1f,Directory,452
M:\–¿¡Œ“¿ Ã»ÿ¿\ ÛÒ Python\Projects Python\PYTHON Dive\.git\objects\20,Directory,410
M:\–¿¡Œ“¿ Ã»ÿ¿\ ÛÒ Python\Projects Python\PYTHON Dive\.git\objects\22,Directory,932
M:\–¿¡Œ“¿ Ã»ÿ¿\ ÛÒ Python\Projects Python\PYTHON Dive\.git\objects\24,Directory,207
M:\–¿¡Œ“¿ Ã»ÿ¿\ ÛÒ Python\Projects Python\PYTHON Dive\.git\objects\26,Directory,63
M:\–¿¡Œ“¿ Ã»ÿ¿\ ÛÒ Python\Projects Python\PYTHON Dive\.git\objects\29,Directory,234
M:\–¿¡Œ“¿ Ã»ÿ¿\ ÛÒ Python\Projects Python\PYTHON Dive\.git\objects\2c,Directory,995
M:\–¿¡Œ“¿ Ã»ÿ¿\ ÛÒ Python\Projects Python\PYTHON Dive\.git\objects\2d,Directory,816
M:\–¿¡Œ“¿ Ã»ÿ¿\ ÛÒ Python\Projects Python\PYTHON Dive\.git\objects\2e,Directory,1067
M:\–¿¡Œ“¿ Ã»ÿ¿\ ÛÒ Python\Projects Python\PYTHON Dive\.git\objects\33,Directory,607
M:\–¿¡Œ“¿ Ã»ÿ¿\ ÛÒ Python\Projects Python\PYTHON Dive\.git\objects\36,Directory,454
M:\–¿¡Œ“¿ Ã»ÿ¿\ ÛÒ Python\Projects Python\PYTHON Dive\.git\objects\38,Directory,1786
M:\–¿¡Œ“¿ Ã»ÿ¿\ ÛÒ Python\Projects Python\PYTHON Dive\.git\objects\3a,Directory,1162
M:\–¿¡Œ“¿ Ã»ÿ¿\ ÛÒ Python\Projects Python\PYTHON Dive\.git\objects\3b,Directory,5580
M:\–¿¡Œ“¿ Ã»ÿ¿\ ÛÒ Python\Projects Python\PYTHON Dive\.git\objects\3d,Directory,777
M:\–¿¡Œ“¿ Ã»ÿ¿\ ÛÒ Python\Projects Python\PYTHON Dive\.git\objects\43,Directory,895
M:\–¿¡Œ“¿ Ã»ÿ¿\ ÛÒ Python\Projects Python\PYTHON Dive\.git\objects\46,Directory,812
M:\–¿¡Œ“¿ Ã»ÿ¿\ ÛÒ Python\Projects Python\PYTHON Dive\.git\objects\48,Directory,128
M:\–¿¡Œ“¿ Ã»ÿ¿\ ÛÒ Python\Projects Python\PYTHON Dive\.git\objects\4d,Directory,1434
M:\–¿¡Œ“¿ Ã»ÿ¿\ ÛÒ Python\Projects Python\PYTHON Dive\.git\objects\4f,Directory,581
M:\–¿¡Œ“¿ Ã»ÿ¿\ ÛÒ Python\Projects Python\PYTHON Dive\.git\objects\54,Directory,196
M:\–¿¡Œ“¿ Ã»ÿ¿\ ÛÒ Python\Projects Python\PYTHON Dive\.git\objects\55,Directory,181
M:\–¿¡Œ“¿ Ã»ÿ¿\ ÛÒ Python\Projects Python\PYTHON Dive\.git\objects\5c,Directory,719
M:\–¿¡Œ“¿ Ã»ÿ¿\ ÛÒ Python\Projects Python\PYTHON Dive\.git\objects\5d,Directory,445
M:\–¿¡Œ“¿ Ã»ÿ¿\ ÛÒ Python\Projects Python\PYTHON Dive\.git\objects\5e,Directory,97
M:\–¿¡Œ“¿ Ã»ÿ¿\ ÛÒ Python\Projects Python\PYTHON Dive\.git\objects\60,Directory,2269
M:\–¿¡Œ“¿ Ã»ÿ¿\ ÛÒ Python\Projects Python\PYTHON Dive\.git\objects\65,Directory,427
M:\–¿¡Œ“¿ Ã»ÿ¿\ ÛÒ Python\Projects Python\PYTHON Dive\.git\objects\6d,Directory,491
M:\–¿¡Œ“¿ Ã»ÿ¿\ ÛÒ Python\Projects Python\PYTHON Dive\.git\objects\6f,Directory,600
M:\–¿¡Œ“¿ Ã»ÿ¿\ ÛÒ Python\Projects Python\PYTHON Dive\.git\objects\73,Directory,1291
M:\–¿¡Œ“¿ Ã»ÿ¿\ ÛÒ Python\Projects Python\PYTHON Dive\.git\objects\74,Directory,1894
M:\–¿¡Œ“¿ Ã»ÿ¿\ ÛÒ Python\Projects Python\PYTHON Dive\.git\objects\76,Directory,654
M:\–¿¡Œ“¿ Ã»ÿ¿\ ÛÒ Python\Projects Python\PYTHON Dive\.git\objects\78,Directory,882
M:\–¿¡Œ“¿ Ã»ÿ¿\ ÛÒ Python\Projects Python\PYTHON Dive\.git\objects\7d,Directory,431
M:\–¿¡Œ“¿ Ã»ÿ¿\ ÛÒ Python\Projects Python\PYTHON Dive\.git\objects\7e,Directory,700
M:\–¿¡Œ“¿ Ã»ÿ¿\ ÛÒ Python\Projects Python\PYTHON Dive\.git\objects\7f,Directory,933
M:\–¿¡Œ“¿ Ã»ÿ¿\ ÛÒ Python\Projects Python\PYTHON Dive\.git\objects\82,Directory,175
M:\–¿¡Œ“¿ Ã»ÿ¿\ ÛÒ Python\Projects Python\PYTHON Dive\.git\objects\83,Directory,661
M:\–¿¡Œ“¿ Ã»ÿ¿\ ÛÒ Python\Projects Python\PYTHON Dive\.git\objects\8b,Directory,174
M:\–¿¡Œ“¿ Ã»ÿ¿\ ÛÒ Python\Projects Python\PYTHON Dive\.git\objects\8e,Directory,277
M:\–¿¡Œ“¿ Ã»ÿ¿\ ÛÒ Python\Projects Python\PYTHON Dive\.git\objects\90,Directory,868
M:\–¿¡Œ“¿ Ã»ÿ¿\ ÛÒ Python\Projects Python\PYTHON Dive\.git\objects\94,Directory,483
M:\–¿¡Œ“¿ Ã»ÿ¿\ ÛÒ Python\Projects Python\PYTHON Dive\.git\objects\9c,Directory,162
M:\–¿¡Œ“¿ Ã»ÿ¿\ ÛÒ Python\Projects Python\PYTHON Dive\.git\objects\9d,Directory,446
M:\–¿¡Œ“¿ Ã»ÿ¿\ ÛÒ Python\Projects Python\PYTHON Dive\.git\objects\9e,Directory,520
M:\–¿¡Œ“¿ Ã»ÿ¿\ ÛÒ Python\Projects Python\PYTHON Dive\.git\objects\a0,Directory,401
M:\–¿¡Œ“¿ Ã»ÿ¿\ ÛÒ Python\Projects Python\PYTHON Dive\.git\objects\a1,Directory,6875
M:\–¿¡Œ“¿ Ã»ÿ¿\ ÛÒ Python\Projects Python\PYTHON Dive\.git\objects\a3,Directory,541
M:\–¿¡Œ“¿ Ã»ÿ¿\ ÛÒ Python\Projects Python\PYTHON Dive\.git\objects\a6,Directory,1791
M:\–¿¡Œ“¿ Ã»ÿ¿\ ÛÒ Python\Projects Python\PYTHON Dive\.git\objects\aa,Directory,109
M:\–¿¡Œ“¿ Ã»ÿ¿\ ÛÒ Python\Projects Python\PYTHON Dive\.git\objects\ab,Directory,593
M:\–¿¡Œ“¿ Ã»ÿ¿\ ÛÒ Python\Projects Python\PYTHON Dive\.git\objects\ad,Directory,270
M:\–¿¡Œ“¿ Ã»ÿ¿\ ÛÒ Python\Projects Python\PYTHON Dive\.git\objects\b0,Directory,263
M:\–¿¡Œ“¿ Ã»ÿ¿\ ÛÒ Python\Projects Python\PYTHON Dive\.git\objects\b2,Directory,714
M:\–¿¡Œ“¿ Ã»ÿ¿\ ÛÒ Python\Projects Python\PYTHON Dive\.git\objects\b4,Directory,164
M:\–¿¡Œ“¿ Ã»ÿ¿\ ÛÒ Python\Projects Python\PYTHON Dive\.git\objects\b7,Directory,394
M:\–¿¡Œ“¿ Ã»ÿ¿\ ÛÒ Python\Projects Python\PYTHON Dive\.git\objects\b9,Directory,406
M:\–¿¡Œ“¿ Ã»ÿ¿\ ÛÒ Python\Projects Python\PYTHON Dive\.git\objects\bb,Directory,165
M:\–¿¡Œ“¿ Ã»ÿ¿\ ÛÒ Python\Projects Python\PYTHON Dive\.git\objects\bc,Directory,1305
M:\–¿¡Œ“¿ Ã»ÿ¿\ ÛÒ Python\Projects Python\PYTHON Dive\.git\objects\bd,Directory,255
M:\–¿¡Œ“¿ Ã»ÿ¿\ ÛÒ Python\Projects Python\PYTHON Dive\.git\objects\c1,Directory,266
M:\–¿¡Œ“¿ Ã»ÿ¿\ ÛÒ Python\Projects Python\PYTHON Dive\.git\objects\c3,Directory,561
M:\–¿¡Œ“¿ Ã»ÿ¿\ ÛÒ Python\Projects Python\PYTHON Dive\.git\objects\c5,Directory,136
M:\–¿¡Œ“¿ Ã»ÿ¿\ ÛÒ Python\Projects Python\PYTHON Dive\.git\objects\ca,Directory,276
M:\–¿¡Œ“¿ Ã»ÿ¿\ ÛÒ Python\Projects Python\PYTHON Dive\.git\objects\cc,Directory,623
M:\–¿¡Œ“¿ Ã»ÿ¿\ ÛÒ Python\Projects Python\PYTHON Dive\.git\objects\ce,Directory,446
M:\–¿¡Œ“¿ Ã»ÿ¿\ ÛÒ Python\Projects Python\PYTHON Dive\.git\objects\cf,Directory,1678
M:\–¿¡Œ“¿ Ã»ÿ¿\ ÛÒ Python\Projects Python\PYTHON Dive\.git\objects\d1,Directory,482
M:\–¿¡Œ“¿ Ã»ÿ¿\ ÛÒ Python\Projects Python\PYTHON Dive\.git\objects\d2,Directory,467
M:\–¿¡Œ“¿ Ã»ÿ¿\ ÛÒ Python\Projects Python\PYTHON Dive\.git\objects\d3,Directory,1519
M:\–¿¡Œ“¿ Ã»ÿ¿\ ÛÒ Python\Projects Python\PYTHON Dive\.git\objects\d6,Directory,5930
M:\–¿¡Œ“¿ Ã»ÿ¿\ ÛÒ Python\Projects Python\PYTHON Dive\.git\objects\d9,Directory,130
M:\–¿¡Œ“¿ Ã»ÿ¿\ ÛÒ Python\Projects Python\PYTHON Dive\.git\objects\da,Directory,157
M:\–¿¡Œ“¿ Ã»ÿ¿\ ÛÒ Python\Projects Python\PYTHON Dive\.git\objects\db,Directory,378
M:\–¿¡Œ“¿ Ã»ÿ¿\ ÛÒ Python\Projects Python\PYTHON Dive\.git\objects\dc,Directory,728
M:\–¿¡Œ“¿ Ã»ÿ¿\ ÛÒ Python\Projects Python\PYTHON Dive\.git\objects\dd,Directory,2989
M:\–¿¡Œ“¿ Ã»ÿ¿\ ÛÒ Python\Projects Python\PYTHON Dive\.git\objects\e1,Directory,2550
M:\–¿¡Œ“¿ Ã»ÿ¿\ ÛÒ Python\Projects Python\PYTHON Dive\.git\objects\e2,Directory,1384
M:\–¿¡Œ“¿ Ã»ÿ¿\ ÛÒ Python\Projects Python\PYTHON Dive\.git\objects\e5,Directory,581
M:\–¿¡Œ“¿ Ã»ÿ¿\ ÛÒ Python\Projects Python\PYTHON Dive\.git\objects\e6,Directory,15
M:\–¿¡Œ“¿ Ã»ÿ¿\ ÛÒ Python\Projects Python\PYTHON Dive\.git\objects\e7,Directory,137
M:\–¿¡Œ“¿ Ã»ÿ¿\ ÛÒ Python\Projects Python\PYTHON Dive\.git\objects\ea,Directory,172
M:\–¿¡Œ“¿ Ã»ÿ¿\ ÛÒ Python\Projects Python\PYTHON Dive\.git\objects\ec,Directory,261
M:\–¿¡Œ“¿ Ã»ÿ¿\ ÛÒ Python\Projects Python\PYTHON Dive\.git\objects\ed,Directory,316
M:\–¿¡Œ“¿ Ã»ÿ¿\ ÛÒ Python\Projects Python\PYTHON Dive\.git\objects\ef,Directory,288
M:\–¿¡Œ“¿ Ã»ÿ¿\ ÛÒ Python\Projects Python\PYTHON Dive\.git\objects\f3,Directory,742
M:\–¿¡Œ“¿ Ã»ÿ¿\ ÛÒ Python\Projects Python\PYTHON Dive\.git\objects\f5,Directory,557
M:\–¿¡Œ“¿ Ã»ÿ¿\ ÛÒ Python\Projects Python\PYTHON Dive\.git\objects\f6,Directory,492
M:\–¿¡Œ“¿ Ã»ÿ¿\ ÛÒ Python\Projects Python\PYTHON Dive\.git\objects\f9,Directory,856
M:\–¿¡Œ“¿ Ã»ÿ¿\ ÛÒ Python\Projects Python\PYTHON Dive\.git\objects\fc,Directory,445
M:\–¿¡Œ“¿ Ã»ÿ¿\ ÛÒ Python\Projects Python\PYTHON Dive\.git\objects\fe,Directory,88
M:\–¿¡Œ“¿ Ã»ÿ¿\ ÛÒ Python\Projects Python\PYTHON Dive\.git\objects\info,Directory,0
M:\–¿¡Œ“¿ Ã»ÿ¿\ ÛÒ Python\Projects Python\PYTHON Dive\.git\objects\pack,Directory,0
M:\–¿¡Œ“¿ Ã»ÿ¿\ ÛÒ Python\Projects Python\PYTHON Dive\.git\objects\01\c283a4a188147d2a57ee6c5fdc214547dbe0e6,File,2543
M:\–¿¡Œ“¿ Ã»ÿ¿\ ÛÒ Python\Projects Python\PYTHON Dive\.git\objects\08\4e77ace47cfe9f1107448f32fa11e71123a3b6,File,167
M:\–¿¡Œ“¿ Ã»ÿ¿\ ÛÒ Python\Projects Python\PYTHON Dive\.git\objects\09\564925c240a3167d5ab144783badb3dc1728f0,File,79
M:\–¿¡Œ“¿ Ã»ÿ¿\ ÛÒ Python\Projects Python\PYTHON Dive\.git\objects\0c\577b5861ef056884a97eb35c4f05b6cd3b097d,File,244
M:\–¿¡Œ“¿ Ã»ÿ¿\ ÛÒ Python\Projects Python\PYTHON Dive\.git\objects\0c\cc6ddbb2407b4cd595e3b1362d5acfc516bede,File,292
M:\–¿¡Œ“¿ Ã»ÿ¿\ ÛÒ Python\Projects Python\PYTHON Dive\.git\objects\0d\9ff5b8653ad6737f47297418701212b40e0ddb,File,262
M:\–¿¡Œ“¿ Ã»ÿ¿\ ÛÒ Python\Projects Python\PYTHON Dive\.git\objects\0d\e07cdb2557fb0e59d218c5be86c91d75dabd1d,File,406
M:\–¿¡Œ“¿ Ã»ÿ¿\ ÛÒ Python\Projects Python\PYTHON Dive\.git\objects\10\5ce2da2d6447d11dfe32bfb846c3d5b199fc99,File,142
M:\–¿¡Œ“¿ Ã»ÿ¿\ ÛÒ Python\Projects Python\PYTHON Dive\.git\objects\11\6396aadd5eb92aadf2ae1bca7e5813592ee56d,File,557
M:\–¿¡Œ“¿ Ã»ÿ¿\ ÛÒ Python\Projects Python\PYTHON Dive\.git\objects\14\c6456acec1b324713e35b2a21e316883baf488,File,171
M:\–¿¡Œ“¿ Ã»ÿ¿\ ÛÒ Python\Projects Python\PYTHON Dive\.git\objects\16\394bffb1ddb3612381033c4d4e6ea0bf7fa23d,File,291
M:\–¿¡Œ“¿ Ã»ÿ¿\ ÛÒ Python\Projects Python\PYTHON Dive\.git\objects\18\2086819945abd78a2223da6ba5a0b8650c5c22,File,725
M:\–¿¡Œ“¿ Ã»ÿ¿\ ÛÒ Python\Projects Python\PYTHON Dive\.git\objects\1a\3682c7faedfd5fb154a3d243bada49e8a6f607,File,524
M:\–¿¡Œ“¿ Ã»ÿ¿\ ÛÒ Python\Projects Python\PYTHON Dive\.git\objects\1b\fd4834ec87ab6ae8cbc00191f00f2a942cf2b1,File,1390
M:\–¿¡Œ“¿ Ã»ÿ¿\ ÛÒ Python\Projects Python\PYTHON Dive\.git\objects\1c\c705de00f0b1ad15f81548becb7ba4dc1d1150,File,477
M:\–¿¡Œ“¿ Ã»ÿ¿\ ÛÒ Python\Projects Python\PYTHON Dive\.git\objects\1d\a274dbb0c268082dde34961c6bff8fb75f0dee,File,157
M:\–¿¡Œ“¿ Ã»ÿ¿\ ÛÒ Python\Projects Python\PYTHON Dive\.git\objects\1e\de13be7efdedf823c076904e3279d258fc2ebc,File,48
M:\–¿¡Œ“¿ Ã»ÿ¿\ ÛÒ Python\Projects Python\PYTHON Dive\.git\objects\1f\0e065e9f1119d6bc10e69111cad8035c2b9043,File,452
M:\–¿¡Œ“¿ Ã»ÿ¿\ ÛÒ Python\Projects Python\PYTHON Dive\.git\objects\20\767516196c58e325fb65124b2551eb7e754c8a,File,410
M:\–¿¡Œ“¿ Ã»ÿ¿\ ÛÒ Python\Projects Python\PYTHON Dive\.git\objects\22\9eca0334e15c724445644758149386fa8e5074,File,932
M:\–¿¡Œ“¿ Ã»ÿ¿\ ÛÒ Python\Projects Python\PYTHON Dive\.git\objects\24\ba6af77ade6b0941cf43c4f66f50b4ba16a78a,File,207
M:\–¿¡Œ“¿ Ã»ÿ¿\ ÛÒ Python\Projects Python\PYTHON Dive\.git\objects\26\d33521af10bcc7fd8cea344038eaaeb78d0ef5,File,63
M:\–¿¡Œ“¿ Ã»ÿ¿\ ÛÒ Python\Projects Python\PYTHON Dive\.git\objects\29\1a925f9666f330987c6b6a61f93e8d25033ca2,File,234
M:\–¿¡Œ“¿ Ã»ÿ¿\ ÛÒ Python\Projects Python\PYTHON Dive\.git\objects\2c\62daf6213e8d6bd4068cd8145b10b7042694e1,File,524
M:\–¿¡Œ“¿ Ã»ÿ¿\ ÛÒ Python\Projects Python\PYTHON Dive\.git\objects\2c\8a9e220de3f683897796ce329215c9eac9b2c5,File,471
M:\–¿¡Œ“¿ Ã»ÿ¿\ ÛÒ Python\Projects Python\PYTHON Dive\.git\objects\2d\e4157d728efb7e233fe6f62f35218cd2e664a3,File,816
M:\–¿¡Œ“¿ Ã»ÿ¿\ ÛÒ Python\Projects Python\PYTHON Dive\.git\objects\2e\6062eb5b6304fa3f6cf57ffafcc2e3ba0104cf,File,315
M:\–¿¡Œ“¿ Ã»ÿ¿\ ÛÒ Python\Projects Python\PYTHON Dive\.git\objects\2e\647c52940bdae36940a7c0694e3ac409280ffc,File,493
M:\–¿¡Œ“¿ Ã»ÿ¿\ ÛÒ Python\Projects Python\PYTHON Dive\.git\objects\2e\a438717b49de2f1dd29429a51ad0bc685724a7,File,259
M:\–¿¡Œ“¿ Ã»ÿ¿\ ÛÒ Python\Projects Python\PYTHON Dive\.git\objects\33\be4ab0c57e9ded91c41a760cb5a17628aaae05,File,607
M:\–¿¡Œ“¿ Ã»ÿ¿\ ÛÒ Python\Projects Python\PYTHON Dive\.git\objects\36\2c978028302838396159b67fc2ae8510cb3eb2,File,454
M:\–¿¡Œ“¿ Ã»ÿ¿\ ÛÒ Python\Projects Python\PYTHON Dive\.git\objects\38\7acefcb67e464f1e136433fcb3f8818952ca3b,File,1786
M:\–¿¡Œ“¿ Ã»ÿ¿\ ÛÒ Python\Projects Python\PYTHON Dive\.git\objects\3a\da5baa80834a9e9763b41d3e1932c8e349437e,File,1162
M:\–¿¡Œ“¿ Ã»ÿ¿\ ÛÒ Python\Projects Python\PYTHON Dive\.git\objects\3b\8128510833d13bf0e076912d4ecdac68410014,File,5056
M:\–¿¡Œ“¿ Ã»ÿ¿\ ÛÒ Python\Projects Python\PYTHON Dive\.git\objects\3b\cb4b730e98aadaab75a88bea6b36352785e81b,File,524
M:\–¿¡Œ“¿ Ã»ÿ¿\ ÛÒ Python\Projects Python\PYTHON Dive\.git\objects\3d\0ad18ef81bc7a3d9bd0ebe846f3674ffa9c756,File,777
M:\–¿¡Œ“¿ Ã»ÿ¿\ ÛÒ Python\Projects Python\PYTHON Dive\.git\objects\43\c6f45b90fa8c35878fe7a4c527130954833900,File,895
M:\–¿¡Œ“¿ Ã»ÿ¿\ ÛÒ Python\Projects Python\PYTHON Dive\.git\objects\46\48ee76b137e22033a09561e34d47b5a66ad146,File,812
M:\–¿¡Œ“¿ Ã»ÿ¿\ ÛÒ Python\Projects Python\PYTHON Dive\.git\objects\48\78008a4410d31e11ff9ec6aed0071aca00a93f,File,128
M:\–¿¡Œ“¿ Ã»ÿ¿\ ÛÒ Python\Projects Python\PYTHON Dive\.git\objects\4d\e6b3b8dd55ce7a333cb663bfb53ed8f36c199d,File,1434
M:\–¿¡Œ“¿ Ã»ÿ¿\ ÛÒ Python\Projects Python\PYTHON Dive\.git\objects\4f\c921c56300406433061aef1decf15c021e86dc,File,581
M:\–¿¡Œ“¿ Ã»ÿ¿\ ÛÒ Python\Projects Python\PYTHON Dive\.git\objects\54\358119d853e8cebd03d91640762f4395c13d34,File,196
M:\–¿¡Œ“¿ Ã»ÿ¿\ ÛÒ Python\Projects Python\PYTHON Dive\.git\objects\55\3de99dfd821cbdcdeb8c0add6714777a6d890d,File,181
M:\–¿¡Œ“¿ Ã»ÿ¿\ ÛÒ Python\Projects Python\PYTHON Dive\.git\objects\5c\5a1c1ab9894a9137803e156eaa6aa663b1c380,File,614
M:\–¿¡Œ“¿ Ã»ÿ¿\ ÛÒ Python\Projects Python\PYTHON Dive\.git\objects\5c\f497722b63a66e19047e23412f456625510efb,File,105
M:\–¿¡Œ“¿ Ã»ÿ¿\ ÛÒ Python\Projects Python\PYTHON Dive\.git\objects\5d\7f12e3d7804739216f04cd876ec248b1273662,File,445
M:\–¿¡Œ“¿ Ã»ÿ¿\ ÛÒ Python\Projects Python\PYTHON Dive\.git\objects\5e\dccd15c63ccb72459f62488528a8d42995dd59,File,97
M:\–¿¡Œ“¿ Ã»ÿ¿\ ÛÒ Python\Projects Python\PYTHON Dive\.git\objects\60\768abce12249ad19be4c22724904f3930f2347,File,2269
M:\–¿¡Œ“¿ Ã»ÿ¿\ ÛÒ Python\Projects Python\PYTHON Dive\.git\objects\65\cd7b9b9c2db3cf1cecbc053713be9371e2cf93,File,427
M:\–¿¡Œ“¿ Ã»ÿ¿\ ÛÒ Python\Projects Python\PYTHON Dive\.git\objects\6d\5c73c4d4a5b4e56fc951c56a5f717c6a9db402,File,304
M:\–¿¡Œ“¿ Ã»ÿ¿\ ÛÒ Python\Projects Python\PYTHON Dive\.git\objects\6d\cd1852b3158f6a05fcea635e3630c69d7ca7c2,File,187
M:\–¿¡Œ“¿ Ã»ÿ¿\ ÛÒ Python\Projects Python\PYTHON Dive\.git\objects\6f\5692999f1fe8b92ae31aaea78d4929a2fcc530,File,600
M:\–¿¡Œ“¿ Ã»ÿ¿\ ÛÒ Python\Projects Python\PYTHON Dive\.git\objects\73\f69f25b67b836ca33b8d83ee2ee1904b06a89f,File,1291
M:\–¿¡Œ“¿ Ã»ÿ¿\ ÛÒ Python\Projects Python\PYTHON Dive\.git\objects\74\febb978fd422a2b03ca08f15360565c3896907,File,1894
M:\–¿¡Œ“¿ Ã»ÿ¿\ ÛÒ Python\Projects Python\PYTHON Dive\.git\objects\76\6ba5c89cf683ca1df04375b439250a46f7da42,File,654
M:\–¿¡Œ“¿ Ã»ÿ¿\ ÛÒ Python\Projects Python\PYTHON Dive\.git\objects\78\289cae75086d842412d96264153b846b644471,File,882
M:\–¿¡Œ“¿ Ã»ÿ¿\ ÛÒ Python\Projects Python\PYTHON Dive\.git\objects\7d\5f54b2f9f1f05b27b0fcbd508b789b42623c7d,File,431
M:\–¿¡Œ“¿ Ã»ÿ¿\ ÛÒ Python\Projects Python\PYTHON Dive\.git\objects\7e\4e9774edb158bf4cdbea0eeb8db16560052e76,File,700
M:\–¿¡Œ“¿ Ã»ÿ¿\ ÛÒ Python\Projects Python\PYTHON Dive\.git\objects\7f\27de6593ae02863477cb5d3ee1441bfe781309,File,933
M:\–¿¡Œ“¿ Ã»ÿ¿\ ÛÒ Python\Projects Python\PYTHON Dive\.git\objects\82\3c95d0324ee2faf658b06f63fb725f895c19df,File,175
M:\–¿¡Œ“¿ Ã»ÿ¿\ ÛÒ Python\Projects Python\PYTHON Dive\.git\objects\83\30effa1db9b3381fcd9c28dab8f34ad46317a7,File,505
M:\–¿¡Œ“¿ Ã»ÿ¿\ ÛÒ Python\Projects Python\PYTHON Dive\.git\objects\83\dcd639f67f41be53dc06ce43479831472d6929,File,156
M:\–¿¡Œ“¿ Ã»ÿ¿\ ÛÒ Python\Projects Python\PYTHON Dive\.git\objects\8b\aa0278182ca281f5990a6bf879323f07e0a8a5,File,174
M:\–¿¡Œ“¿ Ã»ÿ¿\ ÛÒ Python\Projects Python\PYTHON Dive\.git\objects\8e\4b4f4120751431cfbfc192693ec83a7f094a74,File,277
M:\–¿¡Œ“¿ Ã»ÿ¿\ ÛÒ Python\Projects Python\PYTHON Dive\.git\objects\90\a81c2461d3da9ed15b0ede93d6230fe06baacc,File,580
M:\–¿¡Œ“¿ Ã»ÿ¿\ ÛÒ Python\Projects Python\PYTHON Dive\.git\objects\90\f11521fd33a7237c3468eba93a599192c10635,File,288
M:\–¿¡Œ“¿ Ã»ÿ¿\ ÛÒ Python\Projects Python\PYTHON Dive\.git\objects\94\a25f7f4cb416c083d265558da75d457237d671,File,155
M:\–¿¡Œ“¿ Ã»ÿ¿\ ÛÒ Python\Projects Python\PYTHON Dive\.git\objects\94\e253a1ce65c1caab492f7293db53c0eaff55c6,File,328
M:\–¿¡Œ“¿ Ã»ÿ¿\ ÛÒ Python\Projects Python\PYTHON Dive\.git\objects\9c\9dde3be8602c7bb6da2262ec10481fd7f9f7b6,File,162
M:\–¿¡Œ“¿ Ã»ÿ¿\ ÛÒ Python\Projects Python\PYTHON Dive\.git\objects\9d\7fbcca0ff8b18ab14471e847a206134bed9f2a,File,176
M:\–¿¡Œ“¿ Ã»ÿ¿\ ÛÒ Python\Projects Python\PYTHON Dive\.git\objects\9d\d5ca8e50bf797101639bb7df72dbd091b25b1b,File,270
M:\–¿¡Œ“¿ Ã»ÿ¿\ ÛÒ Python\Projects Python\PYTHON Dive\.git\objects\9e\8f1d8082718ed0df25442ce9b9bde7e5b9eb96,File,520
M:\–¿¡Œ“¿ Ã»ÿ¿\ ÛÒ Python\Projects Python\PYTHON Dive\.git\objects\a0\dbb206405ed692bc50c2f00dc89c648166de41,File,341
M:\–¿¡Œ“¿ Ã»ÿ¿\ ÛÒ Python\Projects Python\PYTHON Dive\.git\objects\a0\dd3ecda17a65f42a9e6793ffa1fe042fc54af0,File,60
M:\–¿¡Œ“¿ Ã»ÿ¿\ ÛÒ Python\Projects Python\PYTHON Dive\.git\objects\a1\06c0f0c66a2b46d6c9d3c1861de2882322bdcc,File,5193
M:\–¿¡Œ“¿ Ã»ÿ¿\ ÛÒ Python\Projects Python\PYTHON Dive\.git\objects\a1\5e21d72e6948906f827f7374b50fabf4ae5e57,File,347
M:\–¿¡Œ“¿ Ã»ÿ¿\ ÛÒ Python\Projects Python\PYTHON Dive\.git\objects\a1\e45b70c15e92cf3c1b567dca6eaefd3a8949d4,File,1128
M:\–¿¡Œ“¿ Ã»ÿ¿\ ÛÒ Python\Projects Python\PYTHON Dive\.git\objects\a1\fd0afedf622b2f15a6e33b48b881801997180a,File,207
M:\–¿¡Œ“¿ Ã»ÿ¿\ ÛÒ Python\Projects Python\PYTHON Dive\.git\objects\a3\41b235579297d554cf87671adf8246902f70c3,File,541
M:\–¿¡Œ“¿ Ã»ÿ¿\ ÛÒ Python\Projects Python\PYTHON Dive\.git\objects\a6\fa52de538b4b821aa27eaedccc9a331864d1f6,File,1791
M:\–¿¡Œ“¿ Ã»ÿ¿\ ÛÒ Python\Projects Python\PYTHON Dive\.git\objects\aa\58dac54d75bc46ae3bfeabe1023dd5d3f9ef71,File,109
M:\–¿¡Œ“¿ Ã»ÿ¿\ ÛÒ Python\Projects Python\PYTHON Dive\.git\objects\ab\db4f40889f2be1b5894d99af63f8904195daa5,File,593
M:\–¿¡Œ“¿ Ã»ÿ¿\ ÛÒ Python\Projects Python\PYTHON Dive\.git\objects\ad\35a4c52fd78861a0e48ab5af744f5cc82a05f8,File,270
M:\–¿¡Œ“¿ Ã»ÿ¿\ ÛÒ Python\Projects Python\PYTHON Dive\.git\objects\b0\835129e51244975ee12979647903fa04efdb45,File,263
M:\–¿¡Œ“¿ Ã»ÿ¿\ ÛÒ Python\Projects Python\PYTHON Dive\.git\objects\b2\a1815220cdae084622e0a1d6e3580945eb63e7,File,714
M:\–¿¡Œ“¿ Ã»ÿ¿\ ÛÒ Python\Projects Python\PYTHON Dive\.git\objects\b4\588ffb881b472dc521c16dfeed536cbc3bc659,File,164
M:\–¿¡Œ“¿ Ã»ÿ¿\ ÛÒ Python\Projects Python\PYTHON Dive\.git\objects\b7\2c5abe3a7bb8618780af3586bbd3a189fb6f78,File,394
M:\–¿¡Œ“¿ Ã»ÿ¿\ ÛÒ Python\Projects Python\PYTHON Dive\.git\objects\b9\472d6ede4d6ee87e2752f09dc8cf50f47712fb,File,406
M:\–¿¡Œ“¿ Ã»ÿ¿\ ÛÒ Python\Projects Python\PYTHON Dive\.git\objects\bb\efc4448724c69338d3480b8c6f99b1a4057a9a,File,165
M:\–¿¡Œ“¿ Ã»ÿ¿\ ÛÒ Python\Projects Python\PYTHON Dive\.git\objects\bc\78affcd7d436c29821666904959fd160d64902,File,1305
M:\–¿¡Œ“¿ Ã»ÿ¿\ ÛÒ Python\Projects Python\PYTHON Dive\.git\objects\bd\d3a8992570a3a6374c1eb25244c5d4cabb6cfd,File,255
M:\–¿¡Œ“¿ Ã»ÿ¿\ ÛÒ Python\Projects Python\PYTHON Dive\.git\objects\c1\31e869e5ce9b3e790589b0d5c9efc97f4c8257,File,266
M:\–¿¡Œ“¿ Ã»ÿ¿\ ÛÒ Python\Projects Python\PYTHON Dive\.git\objects\c3\022717c50ee4071038bc25c31c6dfc1c4ce9fa,File,194
M:\–¿¡Œ“¿ Ã»ÿ¿\ ÛÒ Python\Projects Python\PYTHON Dive\.git\objects\c3\93651e8b8bf8ed3242d65daacaafd614538dfd,File,367
M:\–¿¡Œ“¿ Ã»ÿ¿\ ÛÒ Python\Projects Python\PYTHON Dive\.git\objects\c5\bf811136ff2a3f9ea29273d2015c26f0519d42,File,136
M:\–¿¡Œ“¿ Ã»ÿ¿\ ÛÒ Python\Projects Python\PYTHON Dive\.git\objects\ca\913012d7ec67801370169dd036f8c38f527bbf,File,276
M:\–¿¡Œ“¿ Ã»ÿ¿\ ÛÒ Python\Projects Python\PYTHON Dive\.git\objects\cc\3c205484e689937b2e478878dcd555b6d712fa,File,173
M:\–¿¡Œ“¿ Ã»ÿ¿\ ÛÒ Python\Projects Python\PYTHON Dive\.git\objects\cc\b5e0cb57fa2490451319f8ce4ea88a5e985758,File,450
M:\–¿¡Œ“¿ Ã»ÿ¿\ ÛÒ Python\Projects Python\PYTHON Dive\.git\objects\ce\4e5c48286912bea5ebedb0ed9dbbf60d45b2bf,File,446
M:\–¿¡Œ“¿ Ã»ÿ¿\ ÛÒ Python\Projects Python\PYTHON Dive\.git\objects\cf\bb5a64d1e5b210572ef419fb1163c109c883c2,File,1678
M:\–¿¡Œ“¿ Ã»ÿ¿\ ÛÒ Python\Projects Python\PYTHON Dive\.git\objects\d1\f230af04da1c40770b64ead5a260c5afe57014,File,482
M:\–¿¡Œ“¿ Ã»ÿ¿\ ÛÒ Python\Projects Python\PYTHON Dive\.git\objects\d2\a438e3e93cd0d122789ac96e528aed732f2fee,File,467
M:\–¿¡Œ“¿ Ã»ÿ¿\ ÛÒ Python\Projects Python\PYTHON Dive\.git\objects\d3\2e98ada9cb0609ce51cf1b2760d6a7a7bccfa4,File,1519
M:\–¿¡Œ“¿ Ã»ÿ¿\ ÛÒ Python\Projects Python\PYTHON Dive\.git\objects\d6\2f03bff476958409c504ba94bf9a0f865cfb9d,File,5799
M:\–¿¡Œ“¿ Ã»ÿ¿\ ÛÒ Python\Projects Python\PYTHON Dive\.git\objects\d6\40b6d6898151bab8e7ba6682493bd79e64f1b3,File,131
M:\–¿¡Œ“¿ Ã»ÿ¿\ ÛÒ Python\Projects Python\PYTHON Dive\.git\objects\d9\ca77987b984e546218cd92dea6492aa6676c9d,File,130
M:\–¿¡Œ“¿ Ã»ÿ¿\ ÛÒ Python\Projects Python\PYTHON Dive\.git\objects\da\05129adb068068868a66b2c49b899f4befc851,File,157
M:\–¿¡Œ“¿ Ã»ÿ¿\ ÛÒ Python\Projects Python\PYTHON Dive\.git\objects\db\6347a642a947813b45acbb534d5c9d1069e046,File,271
M:\–¿¡Œ“¿ Ã»ÿ¿\ ÛÒ Python\Projects Python\PYTHON Dive\.git\objects\db\85deb001cc8d97dc405f2c5a47ed29babe6794,File,107
M:\–¿¡Œ“¿ Ã»ÿ¿\ ÛÒ Python\Projects Python\PYTHON Dive\.git\objects\dc\3b5df981ee624875b10061ae6f8d2d6c8c98ba,File,728
M:\–¿¡Œ“¿ Ã»ÿ¿\ ÛÒ Python\Projects Python\PYTHON Dive\.git\objects\dd\f885040526960c00c07a6da86d90c7e7de7f74,File,2989
M:\–¿¡Œ“¿ Ã»ÿ¿\ ÛÒ Python\Projects Python\PYTHON Dive\.git\objects\e1\c6f77607e4d634c02bc90ee9a6675909dc0d52,File,2550
M:\–¿¡Œ“¿ Ã»ÿ¿\ ÛÒ Python\Projects Python\PYTHON Dive\.git\objects\e2\5f8046a32775c8050ef5e2392464faa6da3195,File,259
M:\–¿¡Œ“¿ Ã»ÿ¿\ ÛÒ Python\Projects Python\PYTHON Dive\.git\objects\e2\ccaad12b3eee5bf37516592eb08587ee0185c8,File,1125
M:\–¿¡Œ“¿ Ã»ÿ¿\ ÛÒ Python\Projects Python\PYTHON Dive\.git\objects\e5\67750593ba69bfeec215611ce8f160475a4a3a,File,581
M:\–¿¡Œ“¿ Ã»ÿ¿\ ÛÒ Python\Projects Python\PYTHON Dive\.git\objects\e6\9de29bb2d1d6434b8b29ae775ad8c2e48c5391,File,15
M:\–¿¡Œ“¿ Ã»ÿ¿\ ÛÒ Python\Projects Python\PYTHON Dive\.git\objects\e7\338c7d55174d2cf1a35c9e03a936a81f2eda66,File,137
M:\–¿¡Œ“¿ Ã»ÿ¿\ ÛÒ Python\Projects Python\PYTHON Dive\.git\objects\ea\d24ac4179496a1fd898ca60822f6a556b0afb8,File,172
M:\–¿¡Œ“¿ Ã»ÿ¿\ ÛÒ Python\Projects Python\PYTHON Dive\.git\objects\ec\0323d1be1c93fa71613ec82a8231ebab6ae628,File,261
M:\–¿¡Œ“¿ Ã»ÿ¿\ ÛÒ Python\Projects Python\PYTHON Dive\.git\objects\ed\c0114b40c1b32184eee3388e99580a2bc5e2a4,File,316
M:\–¿¡Œ“¿ Ã»ÿ¿\ ÛÒ Python\Projects Python\PYTHON Dive\.git\objects\ef\5ffed5d7c25e0f7ab06b998f323fee734b2ec5,File,288
M:\–¿¡Œ“¿ Ã»ÿ¿\ ÛÒ Python\Projects Python\PYTHON Dive\.git\objects\f3\d7d5767eebdbdd397538266ad55810a774c872,File,742
M:\–¿¡Œ“¿ Ã»ÿ¿\ ÛÒ Python\Projects Python\PYTHON Dive\.git\objects\f5\85eb91710d1830a221058b446bad401e18ffe9,File,557
M:\–¿¡Œ“¿ Ã»ÿ¿\ ÛÒ Python\Projects Python\PYTHON Dive\.git\objects\f6\031af1c77c5d005d3413263910c6eb8c13e1d9,File,492
M:\–¿¡Œ“¿ Ã»ÿ¿\ ÛÒ Python\Projects Python\PYTHON Dive\.git\objects\f9\38ba73c4d3c0a3b21d577eadf42453bb489daf,File,417
M:\–¿¡Œ“¿ Ã»ÿ¿\ ÛÒ Python\Projects Python\PYTHON Dive\.git\objects\f9\6bc146ee98f0fb98112bbb5294ce1a90d81587,File,439
M:\–¿¡Œ“¿ Ã»ÿ¿\ ÛÒ Python\Projects Python\PYTHON Dive\.git\objects\fc\7f337f3b71a9f268b8f9a6addbba83c35b11c8,File,445
M:\–¿¡Œ“¿ Ã»ÿ¿\ ÛÒ Python\Projects Python\PYTHON Dive\.git\objects\fe\4f6b5102602bb5b79fd96fe44306d339063cdf,File,88
M:\–¿¡Œ“¿ Ã»ÿ¿\ ÛÒ Python\Projects Python\PYTHON Dive\.git\refs\heads,Directory,41
M:\–¿¡Œ“¿ Ã»ÿ¿\ ÛÒ Python\Projects Python\PYTHON Dive\.git\refs\remotes,Directory,82
M:\–¿¡Œ“¿ Ã»ÿ¿\ ÛÒ Python\Projects Python\PYTHON Dive\.git\refs\tags,Directory,0
M:\–¿¡Œ“¿ Ã»ÿ¿\ ÛÒ Python\Projects Python\PYTHON Dive\.git\refs\heads\master,File,41
M:\–¿¡Œ“¿ Ã»ÿ¿\ ÛÒ Python\Projects Python\PYTHON Dive\.git\refs\remotes\origin,Directory,41
M:\–¿¡Œ“¿ Ã»ÿ¿\ ÛÒ Python\Projects Python\PYTHON Dive\.git\refs\remotes\origin\main,File,41
M:\–¿¡Œ“¿ Ã»ÿ¿\ ÛÒ Python\Projects Python\PYTHON Dive\.idea\.gitignore,File,50
M:\–¿¡Œ“¿ Ã»ÿ¿\ ÛÒ Python\Projects Python\PYTHON Dive\.idea\misc.xml,File,208
M:\–¿¡Œ“¿ Ã»ÿ¿\ ÛÒ Python\Projects Python\PYTHON Dive\.idea\modules.xml,File,293
M:\–¿¡Œ“¿ Ã»ÿ¿\ ÛÒ Python\Projects Python\PYTHON Dive\.idea\pythonDive_course.iml,File,494
M:\–¿¡Œ“¿ Ã»ÿ¿\ ÛÒ Python\Projects Python\PYTHON Dive\.idea\vcs.xml,File,185
M:\–¿¡Œ“¿ Ã»ÿ¿\ ÛÒ Python\Projects Python\PYTHON Dive\.idea\inspectionProfiles,Directory,1634
M:\–¿¡Œ“¿ Ã»ÿ¿\ ÛÒ Python\Projects Python\PYTHON Dive\.idea\inspectionProfiles\profiles_settings.xml,File,179
M:\–¿¡Œ“¿ Ã»ÿ¿\ ÛÒ Python\Projects Python\PYTHON Dive\.idea\inspectionProfiles\Project_Default.xml,File,1455
M:\–¿¡Œ“¿ Ã»ÿ¿\ ÛÒ Python\Projects Python\PYTHON Dive\seminar1\001.py,File,352
M:\–¿¡Œ“¿ Ã»ÿ¿\ ÛÒ Python\Projects Python\PYTHON Dive\seminar1\002.py,File,755
M:\–¿¡Œ“¿ Ã»ÿ¿\ ÛÒ Python\Projects Python\PYTHON Dive\seminar1\003.py,File,1126
M:\–¿¡Œ“¿ Ã»ÿ¿\ ÛÒ Python\Projects Python\PYTHON Dive\seminar1\004.py,File,461
M:\–¿¡Œ“¿ Ã»ÿ¿\ ÛÒ Python\Projects Python\PYTHON Dive\seminar1\005.py,File,284
M:\–¿¡Œ“¿ Ã»ÿ¿\ ÛÒ Python\Projects Python\PYTHON Dive\seminar2\001.py,File,1215
M:\–¿¡Œ“¿ Ã»ÿ¿\ ÛÒ Python\Projects Python\PYTHON Dive\seminar2\002.py,File,1493
M:\–¿¡Œ“¿ Ã»ÿ¿\ ÛÒ Python\Projects Python\PYTHON Dive\seminar2\003.py,File,710
M:\–¿¡Œ“¿ Ã»ÿ¿\ ÛÒ Python\Projects Python\PYTHON Dive\seminar2\004.py,File,411
M:\–¿¡Œ“¿ Ã»ÿ¿\ ÛÒ Python\Projects Python\PYTHON Dive\seminar2\005.py,File,1955
M:\–¿¡Œ“¿ Ã»ÿ¿\ ÛÒ Python\Projects Python\PYTHON Dive\seminar2\dz_task2.py,File,2115
M:\–¿¡Œ“¿ Ã»ÿ¿\ ÛÒ Python\Projects Python\PYTHON Dive\seminar3\1.py,File,728
M:\–¿¡Œ“¿ Ã»ÿ¿\ ÛÒ Python\Projects Python\PYTHON Dive\seminar3\2.py,File,873
M:\–¿¡Œ“¿ Ã»ÿ¿\ ÛÒ Python\Projects Python\PYTHON Dive\seminar3\3.py,File,508
M:\–¿¡Œ“¿ Ã»ÿ¿\ ÛÒ Python\Projects Python\PYTHON Dive\seminar3\4.py,File,571
M:\–¿¡Œ“¿ Ã»ÿ¿\ ÛÒ Python\Projects Python\PYTHON Dive\seminar3\5.py,File,503
M:\–¿¡Œ“¿ Ã»ÿ¿\ ÛÒ Python\Projects Python\PYTHON Dive\seminar3\6.py,File,968
M:\–¿¡Œ“¿ Ã»ÿ¿\ ÛÒ Python\Projects Python\PYTHON Dive\seminar3\7.py,File,1385
M:\–¿¡Œ“¿ Ã»ÿ¿\ ÛÒ Python\Projects Python\PYTHON Dive\seminar3\8.py,File,1857
M:\–¿¡Œ“¿ Ã»ÿ¿\ ÛÒ Python\Projects Python\PYTHON Dive\seminar3\dz_task1.py,File,493
M:\–¿¡Œ“¿ Ã»ÿ¿\ ÛÒ Python\Projects Python\PYTHON Dive\seminar3\dz_task2.py,File,1660
M:\–¿¡Œ“¿ Ã»ÿ¿\ ÛÒ Python\Projects Python\PYTHON Dive\seminar3\dz_task3.py,File,412
M:\–¿¡Œ“¿ Ã»ÿ¿\ ÛÒ Python\Projects Python\PYTHON Dive\seminar4\001.py,File,1852
M:\–¿¡Œ“¿ Ã»ÿ¿\ ÛÒ Python\Projects Python\PYTHON Dive\seminar4\002.py,File,540
M:\–¿¡Œ“¿ Ã»ÿ¿\ ÛÒ Python\Projects Python\PYTHON Dive\seminar4\003.py,File,857
M:\–¿¡Œ“¿ Ã»ÿ¿\ ÛÒ Python\Projects Python\PYTHON Dive\seminar4\004.py,File,682
M:\–¿¡Œ“¿ Ã»ÿ¿\ ÛÒ Python\Projects Python\PYTHON Dive\seminar4\005.py,File,852
M:\–¿¡Œ“¿ Ã»ÿ¿\ ÛÒ Python\Projects Python\PYTHON Dive\seminar4\006.py,File,891
M:\–¿¡Œ“¿ Ã»ÿ¿\ ÛÒ Python\Projects Python\PYTHON Dive\seminar4\007.py,File,1002
M:\–¿¡Œ“¿ Ã»ÿ¿\ ÛÒ Python\Projects Python\PYTHON Dive\seminar4\dz_task01.py,File,841
M:\–¿¡Œ“¿ Ã»ÿ¿\ ÛÒ Python\Projects Python\PYTHON Dive\seminar4\dz_task02.py,File,700
M:\–¿¡Œ“¿ Ã»ÿ¿\ ÛÒ Python\Projects Python\PYTHON Dive\seminar4\dz_task03.py,File,4785
M:\–¿¡Œ“¿ Ã»ÿ¿\ ÛÒ Python\Projects Python\PYTHON Dive\seminar5\01.py,File,761
M:\–¿¡Œ“¿ Ã»ÿ¿\ ÛÒ Python\Projects Python\PYTHON Dive\seminar5\02.py,File,791
M:\–¿¡Œ“¿ Ã»ÿ¿\ ÛÒ Python\Projects Python\PYTHON Dive\seminar5\03.py,File,432
M:\–¿¡Œ“¿ Ã»ÿ¿\ ÛÒ Python\Projects Python\PYTHON Dive\seminar5\04.py,File,1147
M:\–¿¡Œ“¿ Ã»ÿ¿\ ÛÒ Python\Projects Python\PYTHON Dive\seminar5\05.py,File,489
M:\–¿¡Œ“¿ Ã»ÿ¿\ ÛÒ Python\Projects Python\PYTHON Dive\seminar5\06.py,File,784
M:\–¿¡Œ“¿ Ã»ÿ¿\ ÛÒ Python\Projects Python\PYTHON Dive\seminar5\DZ01.py,File,930
M:\–¿¡Œ“¿ Ã»ÿ¿\ ÛÒ Python\Projects Python\PYTHON Dive\seminar5\DZ02.py,File,1172
M:\–¿¡Œ“¿ Ã»ÿ¿\ ÛÒ Python\Projects Python\PYTHON Dive\seminar5\DZ03.py,File,466
M:\–¿¡Œ“¿ Ã»ÿ¿\ ÛÒ Python\Projects Python\PYTHON Dive\seminar6\01.py,File,2258
M:\–¿¡Œ“¿ Ã»ÿ¿\ ÛÒ Python\Projects Python\PYTHON Dive\seminar6\02.py,File,1669
M:\–¿¡Œ“¿ Ã»ÿ¿\ ÛÒ Python\Projects Python\PYTHON Dive\seminar6\03.py,File,1963
M:\–¿¡Œ“¿ Ã»ÿ¿\ ÛÒ Python\Projects Python\PYTHON Dive\seminar6\04.py,File,1545
M:\–¿¡Œ“¿ Ã»ÿ¿\ ÛÒ Python\Projects Python\PYTHON Dive\seminar6\DZ06_2.py,File,3486
M:\–¿¡Œ“¿ Ã»ÿ¿\ ÛÒ Python\Projects Python\PYTHON Dive\seminar7\1.py,File,769
M:\–¿¡Œ“¿ Ã»ÿ¿\ ÛÒ Python\Projects Python\PYTHON Dive\seminar7\2.py,File,939
M:\–¿¡Œ“¿ Ã»ÿ¿\ ÛÒ Python\Projects Python\PYTHON Dive\seminar7\3.py,File,2565
M:\–¿¡Œ“¿ Ã»ÿ¿\ ÛÒ Python\Projects Python\PYTHON Dive\seminar7\names.txt,File,86
M:\–¿¡Œ“¿ Ã»ÿ¿\ ÛÒ Python\Projects Python\PYTHON Dive\seminar7\numbers.txt,File,121
M:\–¿¡Œ“¿ Ã»ÿ¿\ ÛÒ Python\Projects Python\PYTHON Dive\seminar7\nums.txt,File,203
M:\–¿¡Œ“¿ Ã»ÿ¿\ ÛÒ Python\Projects Python\PYTHON Dive\seminar7\README.md,File,9361
M:\–¿¡Œ“¿ Ã»ÿ¿\ ÛÒ Python\Projects Python\PYTHON Dive\seminar7\result.txt,File,239
M:\–¿¡Œ“¿ Ã»ÿ¿\ ÛÒ Python\Projects Python\PYTHON Dive\seminar7\words.txt,File,37
M:\–¿¡Œ“¿ Ã»ÿ¿\ ÛÒ Python\Projects Python\PYTHON Dive\seminar7\files_for_task4,Directory,114964
M:\–¿¡Œ“¿ Ã»ÿ¿\ ÛÒ Python\Projects Python\PYTHON Dive\seminar7\working_with_files,Directory,14620
M:\–¿¡Œ“¿ Ã»ÿ¿\ ÛÒ Python\Projects Python\PYTHON Dive\seminar7\files_for_task4\csv,Directory,25675
M:\–¿¡Œ“¿ Ã»ÿ¿\ ÛÒ Python\Projects Python\PYTHON Dive\seminar7\files_for_task4\json,Directory,25719
M:\–¿¡Œ“¿ Ã»ÿ¿\ ÛÒ Python\Projects Python\PYTHON Dive\seminar7\files_for_task4\md,Directory,1005
M:\–¿¡Œ“¿ Ã»ÿ¿\ ÛÒ Python\Projects Python\PYTHON Dive\seminar7\files_for_task4\txt,Directory,5083
M:\–¿¡Œ“¿ Ã»ÿ¿\ ÛÒ Python\Projects Python\PYTHON Dive\seminar7\files_for_task4\csv\Aauuasyyhosayukaaskeypebuhiyoe.csv,File,5463
M:\–¿¡Œ“¿ Ã»ÿ¿\ ÛÒ Python\Projects Python\PYTHON Dive\seminar7\files_for_task4\csv\Aepymvzehkaiauymufmabsstuupdio.csv,File,4683
M:\–¿¡Œ“¿ Ã»ÿ¿\ ÛÒ Python\Projects Python\PYTHON Dive\seminar7\files_for_task4\csv\Azowfiuoouylumzeacua.csv,File,1198
M:\–¿¡Œ“¿ Ã»ÿ¿\ ÛÒ Python\Projects Python\PYTHON Dive\seminar7\files_for_task4\csv\Hwsdplevncfnuwmduklydienynuyi.csv,File,4722
M:\–¿¡Œ“¿ Ã»ÿ¿\ ÛÒ Python\Projects Python\PYTHON Dive\seminar7\files_for_task4\csv\Yukgoz.csv,File,9609
M:\–¿¡Œ“¿ Ã»ÿ¿\ ÛÒ Python\Projects Python\PYTHON Dive\seminar7\files_for_task4\json\Eedewkke.json,File,10636
M:\–¿¡Œ“¿ Ã»ÿ¿\ ÛÒ Python\Projects Python\PYTHON Dive\seminar7\files_for_task4\json\Fulsaotkang.json,File,3247
M:\–¿¡Œ“¿ Ã»ÿ¿\ ÛÒ Python\Projects Python\PYTHON Dive\seminar7\files_for_task4\json\Hduiaowvacmiuylgtlovlnnyd.json,File,2511
M:\–¿¡Œ“¿ Ã»ÿ¿\ ÛÒ Python\Projects Python\PYTHON Dive\seminar7\files_for_task4\json\Hyunice.json,File,9325
M:\–¿¡Œ“¿ Ã»ÿ¿\ ÛÒ Python\Projects Python\PYTHON Dive\seminar7\files_for_task4\md\Fhstizoyiaiw.md,File,1005
M:\–¿¡Œ“¿ Ã»ÿ¿\ ÛÒ Python\Projects Python\PYTHON Dive\seminar7\files_for_task4\txt\Eooony.txt,File,903
M:\–¿¡Œ“¿ Ã»ÿ¿\ ÛÒ Python\Projects Python\PYTHON Dive\seminar7\files_for_task4\txt\Nysveekveuibyvwyivbcpukyyhvbv.txt,File,4180
M:\–¿¡Œ“¿ Ã»ÿ¿\ ÛÒ Python\Projects Python\PYTHON Dive\seminar7\working_with_files\1.py,File,1660
M:\–¿¡Œ“¿ Ã»ÿ¿\ ÛÒ Python\Projects Python\PYTHON Dive\seminar7\working_with_files\sort_by_ext.py,File,1063
M:\–¿¡Œ“¿ Ã»ÿ¿\ ÛÒ Python\Projects Python\PYTHON Dive\seminar7\working_with_files\task1.py,File,830
M:\–¿¡Œ“¿ Ã»ÿ¿\ ÛÒ Python\Projects Python\PYTHON Dive\seminar7\working_with_files\task2.py,File,823
M:\–¿¡Œ“¿ Ã»ÿ¿\ ÛÒ Python\Projects Python\PYTHON Dive\seminar7\working_with_files\task3.py,File,2391
M:\–¿¡Œ“¿ Ã»ÿ¿\ ÛÒ Python\Projects Python\PYTHON Dive\seminar7\working_with_files\task4.py,File,3327
M:\–¿¡Œ“¿ Ã»ÿ¿\ ÛÒ Python\Projects Python\PYTHON Dive\seminar7\working_with_files\taskDZ_01.py,File,2981
M:\–¿¡Œ“¿ Ã»ÿ¿\ ÛÒ Python\Projects Python\PYTHON Dive\seminar7\working_with_files\__init__.py,File,1545
M:\–¿¡Œ“¿ Ã»ÿ¿\ ÛÒ Python\Projects Python\PYTHON Dive\seminar8\database.json,File,115
M:\–¿¡Œ“¿ Ã»ÿ¿\ ÛÒ Python\Projects Python\PYTHON Dive\seminar8\DZ_1.py,File,6741
M:\–¿¡Œ“¿ Ã»ÿ¿\ ÛÒ Python\Projects Python\PYTHON Dive\seminar8\file.txt,File,112
M:\–¿¡Œ“¿ Ã»ÿ¿\ ÛÒ Python\Projects Python\PYTHON Dive\seminar8\output.json,File,133
M:\–¿¡Œ“¿ Ã»ÿ¿\ ÛÒ Python\Projects Python\PYTHON Dive\seminar8\README.md,File,3758
M:\–¿¡Œ“¿ Ã»ÿ¿\ ÛÒ Python\Projects Python\PYTHON Dive\seminar8\task02.csv,File,0
M:\–¿¡Œ“¿ Ã»ÿ¿\ ÛÒ Python\Projects Python\PYTHON Dive\seminar8\task1.py,File,1291
M:\–¿¡Œ“¿ Ã»ÿ¿\ ÛÒ Python\Projects Python\PYTHON Dive\seminar8\task2.py,File,5546
M:\–¿¡Œ“¿ Ã»ÿ¿\ ÛÒ Python\Projects Python\PYTHON Dive\seminar8\task5.py,File,2596
